No,Termo de busca,Plataforma,Tipo de modificador,Modificador,Palavra-chave,Idioma,País,Volume,CPC (US$)
1,"LymphFlow","Google","Ordem alfabética","a","lymphflow app","en","us","10","-"
2,"LymphFlow","Google","Ordem alfabética","a","lymphflow advance","en","us","10","-"
3,"LymphFlow","Google","Ordem alfabética","a","lymphflow advance pump","en","us","0","-"
4,"LymphFlow","Google","Ordem alfabética","b","lymphflow by jbc","en","us","0","-"
5,"LymphFlow","Google","Ordem alfabética","c","lymphflow com au","en","us","0","-"
6,"LymphFlow","Google","Ordem alfabética","e","lymphflow erfahrungen","en","us","0","-"
7,"LymphFlow","Google","Ordem alfabética","e","lymphflow technologie erfahrungen","en","us","0","-"
8,"LymphFlow","Google","Ordem alfabética","j","lymphflow by jbc","en","us","0","-"
9,"LymphFlow","Google","Ordem alfabética","l","lymphflow lymphdrainage","en","us","0","-"
10,"LymphFlow","Google","Ordem alfabética","l","lymphflow wellness llc","en","us","0","-"
11,"LymphFlow","Google","Ordem alfabética","m","lymphflow massager","en","us","0","-"
12,"LymphFlow","Google","Ordem alfabética","p","lymphflow procedure","en","us","0","-"
13,"LymphFlow","Google","Ordem alfabética","r","lymphflow review","en","us","0","-"
14,"LymphFlow","Google","Ordem alfabética","t","lymphflow tm","en","us","0","-"
15,"LymphFlow","Google","Ordem alfabética","w","lymphflow wellness llc","en","us","0","-"
16,"LymphFlow","Google","Termos relacionados","-","lymphflow","en","us","1.3K","0.85"
17,"LymphFlow","Google","Termos relacionados","-","lymphflowรังสิตคลินิกกายภาพบําบัด","en","us","0","-"
18,"LymphFlow","Google","Termos relacionados","-","lymphflowรังสิตคลินิกกายภาพบำบัด","en","us","0","-"
19,"LymphFlow","Bing","Ordem alfabética","a","lymphflow advance","en","us","10","-"
20,"LymphFlow","Bing","Ordem alfabética","a","pulsepress lymphflow advance","en","us","0","-"
21,"LymphFlow","Bing","Ordem alfabética","f","lymphflow sb fc","en","us","0","-"
22,"LymphFlow","Bing","Ordem alfabética","g","lymphflow go","en","us","0","-"
23,"LymphFlow","Bing","Ordem alfabética","h","lymphflow haddenham","en","us","0","-"
24,"LymphFlow","Bing","Ordem alfabética","s","lymphflow sb fc","en","us","0","-"
